--
-- PostgreSQL database dump
--

\restrict AO2FHwjD8vTjaR51A7mzNDcGy4YSBRTxcRGAFrbFPWp2j73Gl5bFEiiRKNFIZ9H

-- Dumped from database version 15.17 (Debian 15.17-1.pgdg13+1)
-- Dumped by pg_dump version 15.17 (Debian 15.17-1.pgdg13+1)

SET statement_timeout = 0;
SET lock_timeout = 0;
SET idle_in_transaction_session_timeout = 0;
SET client_encoding = 'UTF8';
SET standard_conforming_strings = on;
SELECT pg_catalog.set_config('search_path', '', false);
SET check_function_bodies = false;
SET xmloption = content;
SET client_min_messages = warning;
SET row_security = off;

SET default_tablespace = '';

SET default_table_access_method = heap;

--
-- Name: avisos_comunidade; Type: TABLE; Schema: public; Owner: admin
--

CREATE TABLE public.avisos_comunidade (
    id bigint NOT NULL,
    data_expiracao timestamp(6) without time zone NOT NULL,
    link character varying(255),
    mensagem character varying(1000) NOT NULL,
    titulo character varying(255) NOT NULL,
    url_foto character varying(255)
);


ALTER TABLE public.avisos_comunidade OWNER TO admin;

--
-- Name: avisos_comunidade_id_seq; Type: SEQUENCE; Schema: public; Owner: admin
--

ALTER TABLE public.avisos_comunidade ALTER COLUMN id ADD GENERATED BY DEFAULT AS IDENTITY (
    SEQUENCE NAME public.avisos_comunidade_id_seq
    START WITH 1
    INCREMENT BY 1
    NO MINVALUE
    NO MAXVALUE
    CACHE 1
);


--
-- Name: comandas; Type: TABLE; Schema: public; Owner: admin
--

CREATE TABLE public.comandas (
    id bigint NOT NULL,
    aberta boolean NOT NULL,
    data_abertura timestamp(6) without time zone,
    data_fechamento timestamp(6) without time zone,
    valor_total numeric(38,2),
    usuario_id bigint,
    filial_id bigint
);


ALTER TABLE public.comandas OWNER TO admin;

--
-- Name: comandas_id_seq; Type: SEQUENCE; Schema: public; Owner: admin
--

ALTER TABLE public.comandas ALTER COLUMN id ADD GENERATED BY DEFAULT AS IDENTITY (
    SEQUENCE NAME public.comandas_id_seq
    START WITH 1
    INCREMENT BY 1
    NO MINVALUE
    NO MAXVALUE
    CACHE 1
);


--
-- Name: event; Type: TABLE; Schema: public; Owner: admin
--

CREATE TABLE public.event (
    id bigint NOT NULL,
    data_hora timestamp(6) without time zone,
    descricao text,
    filial character varying(255),
    link_inscricao character varying(255),
    titulo character varying(255),
    url_imagem character varying(255),
    game_id bigint,
    CONSTRAINT event_filial_check CHECK (((filial)::text = ANY ((ARRAY['BAURU'::character varying, 'BOTUCATU'::character varying])::text[])))
);


ALTER TABLE public.event OWNER TO admin;

--
-- Name: event_id_seq; Type: SEQUENCE; Schema: public; Owner: admin
--

ALTER TABLE public.event ALTER COLUMN id ADD GENERATED BY DEFAULT AS IDENTITY (
    SEQUENCE NAME public.event_id_seq
    START WITH 1
    INCREMENT BY 1
    NO MINVALUE
    NO MAXVALUE
    CACHE 1
);


--
-- Name: evento; Type: TABLE; Schema: public; Owner: admin
--

CREATE TABLE public.evento (
    id bigint NOT NULL,
    data_hora timestamp(6) without time zone,
    descricao text,
    filial character varying(255),
    link_inscricao character varying(255),
    titulo character varying(255),
    url_imagem character varying(255),
    jogo_id bigint,
    filial_id bigint,
    CONSTRAINT evento_filial_check CHECK (((filial)::text = ANY ((ARRAY['BAURU'::character varying, 'BOTUCATU'::character varying])::text[])))
);


ALTER TABLE public.evento OWNER TO admin;

--
-- Name: evento_id_seq; Type: SEQUENCE; Schema: public; Owner: admin
--

ALTER TABLE public.evento ALTER COLUMN id ADD GENERATED BY DEFAULT AS IDENTITY (
    SEQUENCE NAME public.evento_id_seq
    START WITH 1
    INCREMENT BY 1
    NO MINVALUE
    NO MAXVALUE
    CACHE 1
);


--
-- Name: filiais; Type: TABLE; Schema: public; Owner: admin
--

CREATE TABLE public.filiais (
    id bigint NOT NULL,
    ativo boolean NOT NULL,
    cidade character varying(255),
    endereco character varying(255),
    nome character varying(255)
);


ALTER TABLE public.filiais OWNER TO admin;

--
-- Name: filiais_id_seq; Type: SEQUENCE; Schema: public; Owner: admin
--

ALTER TABLE public.filiais ALTER COLUMN id ADD GENERATED BY DEFAULT AS IDENTITY (
    SEQUENCE NAME public.filiais_id_seq
    START WITH 1
    INCREMENT BY 1
    NO MINVALUE
    NO MAXVALUE
    CACHE 1
);


--
-- Name: item_estoque; Type: TABLE; Schema: public; Owner: admin
--

CREATE TABLE public.item_estoque (
    id bigint NOT NULL,
    nome character varying(255),
    quantidade integer NOT NULL
);


ALTER TABLE public.item_estoque OWNER TO admin;

--
-- Name: item_estoque_id_seq; Type: SEQUENCE; Schema: public; Owner: admin
--

ALTER TABLE public.item_estoque ALTER COLUMN id ADD GENERATED BY DEFAULT AS IDENTITY (
    SEQUENCE NAME public.item_estoque_id_seq
    START WITH 1
    INCREMENT BY 1
    NO MINVALUE
    NO MAXVALUE
    CACHE 1
);


--
-- Name: itens_comanda; Type: TABLE; Schema: public; Owner: admin
--

CREATE TABLE public.itens_comanda (
    id bigint NOT NULL,
    preco_unitario numeric(38,2),
    quantidade integer,
    comanda_id bigint,
    produto_id bigint
);


ALTER TABLE public.itens_comanda OWNER TO admin;

--
-- Name: itens_comanda_id_seq; Type: SEQUENCE; Schema: public; Owner: admin
--

ALTER TABLE public.itens_comanda ALTER COLUMN id ADD GENERATED BY DEFAULT AS IDENTITY (
    SEQUENCE NAME public.itens_comanda_id_seq
    START WITH 1
    INCREMENT BY 1
    NO MINVALUE
    NO MAXVALUE
    CACHE 1
);


--
-- Name: jogos; Type: TABLE; Schema: public; Owner: admin
--

CREATE TABLE public.jogos (
    id bigint NOT NULL,
    categoria character varying(255),
    nome character varying(255)
);


ALTER TABLE public.jogos OWNER TO admin;

--
-- Name: jogos_id_seq; Type: SEQUENCE; Schema: public; Owner: admin
--

ALTER TABLE public.jogos ALTER COLUMN id ADD GENERATED BY DEFAULT AS IDENTITY (
    SEQUENCE NAME public.jogos_id_seq
    START WITH 1
    INCREMENT BY 1
    NO MINVALUE
    NO MAXVALUE
    CACHE 1
);


--
-- Name: lancamentos_pontos; Type: TABLE; Schema: public; Owner: admin
--

CREATE TABLE public.lancamentos_pontos (
    id bigint NOT NULL,
    data_lancamento timestamp(6) without time zone,
    observacao character varying(255),
    pontos integer,
    usuario_id bigint,
    jogo_id bigint,
    filial_id bigint
);


ALTER TABLE public.lancamentos_pontos OWNER TO admin;

--
-- Name: lancamentos_pontos_id_seq; Type: SEQUENCE; Schema: public; Owner: admin
--

ALTER TABLE public.lancamentos_pontos ALTER COLUMN id ADD GENERATED BY DEFAULT AS IDENTITY (
    SEQUENCE NAME public.lancamentos_pontos_id_seq
    START WITH 1
    INCREMENT BY 1
    NO MINVALUE
    NO MAXVALUE
    CACHE 1
);


--
-- Name: movimentacoes_creditos; Type: TABLE; Schema: public; Owner: admin
--

CREATE TABLE public.movimentacoes_creditos (
    id bigint NOT NULL,
    data timestamp(6) without time zone,
    motivo character varying(255),
    valor numeric(38,2),
    usuario_id bigint
);


ALTER TABLE public.movimentacoes_creditos OWNER TO admin;

--
-- Name: movimentacoes_creditos_id_seq; Type: SEQUENCE; Schema: public; Owner: admin
--

ALTER TABLE public.movimentacoes_creditos ALTER COLUMN id ADD GENERATED BY DEFAULT AS IDENTITY (
    SEQUENCE NAME public.movimentacoes_creditos_id_seq
    START WITH 1
    INCREMENT BY 1
    NO MINVALUE
    NO MAXVALUE
    CACHE 1
);


--
-- Name: participantes; Type: TABLE; Schema: public; Owner: admin
--

CREATE TABLE public.participantes (
    id bigint NOT NULL,
    creditos numeric(38,2),
    nome character varying(255),
    email character varying(255),
    evento_id bigint,
    usuario_id bigint
);


ALTER TABLE public.participantes OWNER TO admin;

--
-- Name: participantes_id_seq; Type: SEQUENCE; Schema: public; Owner: admin
--

ALTER TABLE public.participantes ALTER COLUMN id ADD GENERATED BY DEFAULT AS IDENTITY (
    SEQUENCE NAME public.participantes_id_seq
    START WITH 1
    INCREMENT BY 1
    NO MINVALUE
    NO MAXVALUE
    CACHE 1
);


--
-- Name: pre_cadastro; Type: TABLE; Schema: public; Owner: admin
--

CREATE TABLE public.pre_cadastro (
    id bigint NOT NULL,
    data_inscricao timestamp(6) without time zone,
    evento_id bigint,
    usuario_id bigint
);


ALTER TABLE public.pre_cadastro OWNER TO admin;

--
-- Name: pre_cadastro_id_seq; Type: SEQUENCE; Schema: public; Owner: admin
--

ALTER TABLE public.pre_cadastro ALTER COLUMN id ADD GENERATED BY DEFAULT AS IDENTITY (
    SEQUENCE NAME public.pre_cadastro_id_seq
    START WITH 1
    INCREMENT BY 1
    NO MINVALUE
    NO MAXVALUE
    CACHE 1
);


--
-- Name: produtos; Type: TABLE; Schema: public; Owner: admin
--

CREATE TABLE public.produtos (
    id bigint NOT NULL,
    categoria character varying(255),
    codigo character varying(255),
    descricao character varying(255),
    preco_compra numeric(38,2),
    preco_venda numeric(38,2),
    quantidade integer,
    filial_id bigint
);


ALTER TABLE public.produtos OWNER TO admin;

--
-- Name: produtos_id_seq; Type: SEQUENCE; Schema: public; Owner: admin
--

ALTER TABLE public.produtos ALTER COLUMN id ADD GENERATED BY DEFAULT AS IDENTITY (
    SEQUENCE NAME public.produtos_id_seq
    START WITH 1
    INCREMENT BY 1
    NO MINVALUE
    NO MAXVALUE
    CACHE 1
);


--
-- Name: storage_item; Type: TABLE; Schema: public; Owner: admin
--

CREATE TABLE public.storage_item (
    id bigint NOT NULL,
    nome character varying(255),
    quantidade integer NOT NULL
);


ALTER TABLE public.storage_item OWNER TO admin;

--
-- Name: storage_item_id_seq; Type: SEQUENCE; Schema: public; Owner: admin
--

ALTER TABLE public.storage_item ALTER COLUMN id ADD GENERATED BY DEFAULT AS IDENTITY (
    SEQUENCE NAME public.storage_item_id_seq
    START WITH 1
    INCREMENT BY 1
    NO MINVALUE
    NO MAXVALUE
    CACHE 1
);


--
-- Name: usuarios; Type: TABLE; Schema: public; Owner: admin
--

CREATE TABLE public.usuarios (
    id bigint NOT NULL,
    ativo boolean NOT NULL,
    creditos numeric(38,2),
    email character varying(255) NOT NULL,
    nome character varying(255) NOT NULL,
    role character varying(255),
    senha character varying(255) NOT NULL,
    token_confirmacao character varying(255),
    CONSTRAINT usuarios_role_check CHECK (((role)::text = ANY ((ARRAY['ADMIN'::character varying, 'USER'::character varying])::text[])))
);


ALTER TABLE public.usuarios OWNER TO admin;

--
-- Name: usuarios_id_seq; Type: SEQUENCE; Schema: public; Owner: admin
--

ALTER TABLE public.usuarios ALTER COLUMN id ADD GENERATED BY DEFAULT AS IDENTITY (
    SEQUENCE NAME public.usuarios_id_seq
    START WITH 1
    INCREMENT BY 1
    NO MINVALUE
    NO MAXVALUE
    CACHE 1
);


--
-- Data for Name: avisos_comunidade; Type: TABLE DATA; Schema: public; Owner: admin
--

COPY public.avisos_comunidade (id, data_expiracao, link, mensagem, titulo, url_foto) FROM stdin;
1	2026-05-16 00:00:59	https://www.rayearthgames.com.br/	Prepara os teus comandos! Este sábado teremos a nossa edição mensal com premiação em dobro para o Top 3 do ranking.	🏆 Grande Torneio de Street Fighter V	news_1.jpg
2	2026-05-20 00:00:59	https://www.rayearthgames.com.br/	SO PRA DIZER AMO VOCES.	AVISO GERAL!!	
3	2026-05-22 11:10:00	\N	desvendei histórias incríveis com seus amigos no maravilhoso mundo da disney	Lorcana chegando!	newslorcana.jpg
\.


--
-- Data for Name: comandas; Type: TABLE DATA; Schema: public; Owner: admin
--

COPY public.comandas (id, aberta, data_abertura, data_fechamento, valor_total, usuario_id, filial_id) FROM stdin;
1	f	2026-05-08 23:19:25.287368	2026-05-08 23:47:33.080682	15.00	1	\N
2	t	2026-05-08 23:52:48.149199	\N	7.50	1	\N
3	f	2026-05-10 19:07:25.965592	2026-05-10 22:05:44.405777	1243.98	1	1
7	f	2026-05-11 00:58:18.456765	2026-05-11 00:58:18.456783	3636.00	99999	1
43	f	2026-05-11 01:23:35.089332	2026-05-11 01:23:35.089365	1200.00	99999	1
44	f	2026-05-11 01:33:45.281469	2026-05-11 01:33:45.281494	14.99	99999	1
5	f	2026-05-10 23:56:38.987943	2026-05-12 14:32:14.948192	0.00	1	1
45	f	2026-05-12 14:32:11.190074	2026-05-12 14:32:16.237428	0.00	1	1
46	f	2026-05-12 14:32:40.295774	2026-05-12 14:32:40.297023	1240.00	99999	1
4	f	2026-05-10 21:50:17.663054	2026-05-12 15:09:00.4613	3636.00	1	1
47	f	2026-05-12 15:09:21.544919	2026-05-12 15:09:37.692815	29.98	1	1
48	f	2026-05-12 15:33:50.189817	2026-05-12 15:33:50.189824	1200.00	99999	1
49	f	2026-05-12 15:34:12.129978	2026-05-12 15:34:12.130064	1200.00	99999	1
50	f	2026-05-12 16:49:40.186432	2026-05-12 16:49:50.265842	1211.00	1	1
51	f	2026-05-12 16:50:33.078982	2026-05-12 16:50:33.078991	1200.00	99999	1
\.


--
-- Data for Name: event; Type: TABLE DATA; Schema: public; Owner: admin
--

COPY public.event (id, data_hora, descricao, filial, link_inscricao, titulo, url_imagem, game_id) FROM stdin;
\.


--
-- Data for Name: evento; Type: TABLE DATA; Schema: public; Owner: admin
--

COPY public.evento (id, data_hora, descricao, filial, link_inscricao, titulo, url_imagem, jogo_id, filial_id) FROM stdin;
1	2026-06-15 14:00:00	Torneio pré lançamento magic the gatering.	BAURU	https://www.rayearthgames.com.br/?view=ecom/item&ing=39904	Pré-Release Strix Haven	http://localhost:8080/uploads/2bf2a014-c719-4315-a25d-aad72da9fe22_uWifI7IlM2_en.jpg	1	\N
7	2026-05-12 18:30:00	pauper	\N		Semanal Magic: The Gathering	http://localhost:8080/uploads/	1	1
9	2026-05-10 13:27:00	modern	\N		Semanal Magic: The Gathering	http://localhost:8080/uploads/	1	1
18	2026-05-13 13:50:00		\N		Semanal Magic: The Gathering	http://localhost:8080/uploads/semanal_magic_the_gathering.jpg	1	1
\.


--
-- Data for Name: filiais; Type: TABLE DATA; Schema: public; Owner: admin
--

COPY public.filiais (id, ativo, cidade, endereco, nome) FROM stdin;
1	t	Botucatu	Avenida Deputado Dante Delmanto, 1612 - Vila Paulista - Botucatu/SP	Rayearth Botucatu
\.


--
-- Data for Name: item_estoque; Type: TABLE DATA; Schema: public; Owner: admin
--

COPY public.item_estoque (id, nome, quantidade) FROM stdin;
1	\N	15
\.


--
-- Data for Name: itens_comanda; Type: TABLE DATA; Schema: public; Owner: admin
--

COPY public.itens_comanda (id, preco_unitario, quantidade, comanda_id, produto_id) FROM stdin;
1	7.50	2	1	2
2	7.50	1	2	2
3	1200.00	1	3	3
4	14.99	2	3	4
5	14.00	1	3	5
6	1212.00	3	4	6
7	1212.00	3	7	6
8	1200.00	1	43	3
9	14.99	1	44	4
10	1212.00	1	46	6
11	14.00	2	46	5
12	14.99	2	47	4
13	1200.00	1	48	3
14	1200.00	1	49	3
15	1211.00	1	50	6
16	1200.00	1	51	3
\.


--
-- Data for Name: jogos; Type: TABLE DATA; Schema: public; Owner: admin
--

COPY public.jogos (id, categoria, nome) FROM stdin;
1	TCG	Magic: The Gathering
2	TCG	Pokemon TCG
\.


--
-- Data for Name: lancamentos_pontos; Type: TABLE DATA; Schema: public; Owner: admin
--

COPY public.lancamentos_pontos (id, data_lancamento, observacao, pontos, usuario_id, jogo_id, filial_id) FROM stdin;
1	2026-05-08 20:59:21.478174	Semanal Magic - 08/05	5	1	1	\N
2	2026-05-12 12:40:00.715675	Semanal Magic - 08/05	5	1	1	1
3	2026-05-12 13:42:58.296474	semanal magic	30	99999	1	1
4	2026-05-12 13:43:11.178746	semanal magic	30	99999	1	1
5	2026-05-12 13:48:53.572082	ranking de abriu	2	1	1	1
6	2026-05-12 13:51:59.498789		23	1	1	1
7	2026-05-12 13:55:16.522651		55	1	1	1
8	2026-05-12 14:12:46.92076		29	99999	2	1
9	2026-05-12 16:51:48.523819	Lançamento App	10	1	1	1
10	2026-05-12 16:51:57.174273	Lançamento App	100	99999	1	1
11	2026-05-14 14:18:17.149983	Lançamento App	200	1	1	1
12	2026-05-14 14:18:26.39514	Lançamento App	50	1	2	1
13	2026-05-15 15:57:29.752905	Lançamento App	12	1	1	1
\.


--
-- Data for Name: movimentacoes_creditos; Type: TABLE DATA; Schema: public; Owner: admin
--

COPY public.movimentacoes_creditos (id, data, motivo, valor, usuario_id) FROM stdin;
1	2026-05-08 20:59:33.761219	Venda de cartas	10.00	1
\.


--
-- Data for Name: participantes; Type: TABLE DATA; Schema: public; Owner: admin
--

COPY public.participantes (id, creditos, nome, email, evento_id, usuario_id) FROM stdin;
\.


--
-- Data for Name: pre_cadastro; Type: TABLE DATA; Schema: public; Owner: admin
--

COPY public.pre_cadastro (id, data_inscricao, evento_id, usuario_id) FROM stdin;
9	2026-05-15 13:33:16.91674	1	2
11	2026-05-15 15:58:45.757281	1	1
\.


--
-- Data for Name: produtos; Type: TABLE DATA; Schema: public; Owner: admin
--

COPY public.produtos (id, categoria, codigo, descricao, preco_compra, preco_venda, quantidade, filial_id) FROM stdin;
2	Bebidas	ABC-123	Coca Cola 350ml - Alterada	3.00	7.50	97	\N
5	BOOSTER	121323434	booster pokemon tcg amigos de jornada	3.99	14.00	197	1
4	BOOSTER	12345678865	Booster Strix Haven	7.99	14.99	195	1
6	BOOSTER	112112	ssss	11.50	1211.00	114	1
3	BOOSTER	MTG-9988	Booster Box Modern Horizons 3	850.00	1200.00	5	1
7	ACESSORIO	1212132132141	deckbox central	120.00	245.00	20	1
\.


--
-- Data for Name: storage_item; Type: TABLE DATA; Schema: public; Owner: admin
--

COPY public.storage_item (id, nome, quantidade) FROM stdin;
\.


--
-- Data for Name: usuarios; Type: TABLE DATA; Schema: public; Owner: admin
--

COPY public.usuarios (id, ativo, creditos, email, nome, role, senha, token_confirmacao) FROM stdin;
99999	t	0.00	pdv@sistema.com	Consumidor Final	USER	$2a$10$8.UnVuG9HHgffUDAlk8qfOuVGkqRzgVymGe07xd00DMRe.qS8z4W.	\N
1	t	10.00	abutodzn@gmail.com	Joao Victor  Zambon	ADMIN	$2a$10$loWgjp10/z4UJtius7BuKeEaa2xUldLc3Z.OpLqWBYi/mO7N2ef0u	\N
2	t	0.00	victorconforto@outlook.com	chao Victor 	USER	$2a$10$mXCT3/BO63IrVWBeY0k9HuGPbFfO6oSO18QxXLSRiJByoVpd2HO/a	\N
\.


--
-- Name: avisos_comunidade_id_seq; Type: SEQUENCE SET; Schema: public; Owner: admin
--

SELECT pg_catalog.setval('public.avisos_comunidade_id_seq', 3, true);


--
-- Name: comandas_id_seq; Type: SEQUENCE SET; Schema: public; Owner: admin
--

SELECT pg_catalog.setval('public.comandas_id_seq', 51, true);


--
-- Name: event_id_seq; Type: SEQUENCE SET; Schema: public; Owner: admin
--

SELECT pg_catalog.setval('public.event_id_seq', 1, false);


--
-- Name: evento_id_seq; Type: SEQUENCE SET; Schema: public; Owner: admin
--

SELECT pg_catalog.setval('public.evento_id_seq', 19, true);


--
-- Name: filiais_id_seq; Type: SEQUENCE SET; Schema: public; Owner: admin
--

SELECT pg_catalog.setval('public.filiais_id_seq', 1, true);


--
-- Name: item_estoque_id_seq; Type: SEQUENCE SET; Schema: public; Owner: admin
--

SELECT pg_catalog.setval('public.item_estoque_id_seq', 33, true);


--
-- Name: itens_comanda_id_seq; Type: SEQUENCE SET; Schema: public; Owner: admin
--

SELECT pg_catalog.setval('public.itens_comanda_id_seq', 16, true);


--
-- Name: jogos_id_seq; Type: SEQUENCE SET; Schema: public; Owner: admin
--

SELECT pg_catalog.setval('public.jogos_id_seq', 2, true);


--
-- Name: lancamentos_pontos_id_seq; Type: SEQUENCE SET; Schema: public; Owner: admin
--

SELECT pg_catalog.setval('public.lancamentos_pontos_id_seq', 13, true);


--
-- Name: movimentacoes_creditos_id_seq; Type: SEQUENCE SET; Schema: public; Owner: admin
--

SELECT pg_catalog.setval('public.movimentacoes_creditos_id_seq', 1, true);


--
-- Name: participantes_id_seq; Type: SEQUENCE SET; Schema: public; Owner: admin
--

SELECT pg_catalog.setval('public.participantes_id_seq', 1, false);


--
-- Name: pre_cadastro_id_seq; Type: SEQUENCE SET; Schema: public; Owner: admin
--

SELECT pg_catalog.setval('public.pre_cadastro_id_seq', 11, true);


--
-- Name: produtos_id_seq; Type: SEQUENCE SET; Schema: public; Owner: admin
--

SELECT pg_catalog.setval('public.produtos_id_seq', 7, true);


--
-- Name: storage_item_id_seq; Type: SEQUENCE SET; Schema: public; Owner: admin
--

SELECT pg_catalog.setval('public.storage_item_id_seq', 1, false);


--
-- Name: usuarios_id_seq; Type: SEQUENCE SET; Schema: public; Owner: admin
--

SELECT pg_catalog.setval('public.usuarios_id_seq', 2, true);


--
-- Name: avisos_comunidade avisos_comunidade_pkey; Type: CONSTRAINT; Schema: public; Owner: admin
--

ALTER TABLE ONLY public.avisos_comunidade
    ADD CONSTRAINT avisos_comunidade_pkey PRIMARY KEY (id);


--
-- Name: comandas comandas_pkey; Type: CONSTRAINT; Schema: public; Owner: admin
--

ALTER TABLE ONLY public.comandas
    ADD CONSTRAINT comandas_pkey PRIMARY KEY (id);


--
-- Name: event event_pkey; Type: CONSTRAINT; Schema: public; Owner: admin
--

ALTER TABLE ONLY public.event
    ADD CONSTRAINT event_pkey PRIMARY KEY (id);


--
-- Name: evento evento_pkey; Type: CONSTRAINT; Schema: public; Owner: admin
--

ALTER TABLE ONLY public.evento
    ADD CONSTRAINT evento_pkey PRIMARY KEY (id);


--
-- Name: filiais filiais_pkey; Type: CONSTRAINT; Schema: public; Owner: admin
--

ALTER TABLE ONLY public.filiais
    ADD CONSTRAINT filiais_pkey PRIMARY KEY (id);


--
-- Name: item_estoque item_estoque_pkey; Type: CONSTRAINT; Schema: public; Owner: admin
--

ALTER TABLE ONLY public.item_estoque
    ADD CONSTRAINT item_estoque_pkey PRIMARY KEY (id);


--
-- Name: itens_comanda itens_comanda_pkey; Type: CONSTRAINT; Schema: public; Owner: admin
--

ALTER TABLE ONLY public.itens_comanda
    ADD CONSTRAINT itens_comanda_pkey PRIMARY KEY (id);


--
-- Name: jogos jogos_pkey; Type: CONSTRAINT; Schema: public; Owner: admin
--

ALTER TABLE ONLY public.jogos
    ADD CONSTRAINT jogos_pkey PRIMARY KEY (id);


--
-- Name: lancamentos_pontos lancamentos_pontos_pkey; Type: CONSTRAINT; Schema: public; Owner: admin
--

ALTER TABLE ONLY public.lancamentos_pontos
    ADD CONSTRAINT lancamentos_pontos_pkey PRIMARY KEY (id);


--
-- Name: movimentacoes_creditos movimentacoes_creditos_pkey; Type: CONSTRAINT; Schema: public; Owner: admin
--

ALTER TABLE ONLY public.movimentacoes_creditos
    ADD CONSTRAINT movimentacoes_creditos_pkey PRIMARY KEY (id);


--
-- Name: participantes participantes_pkey; Type: CONSTRAINT; Schema: public; Owner: admin
--

ALTER TABLE ONLY public.participantes
    ADD CONSTRAINT participantes_pkey PRIMARY KEY (id);


--
-- Name: pre_cadastro pre_cadastro_pkey; Type: CONSTRAINT; Schema: public; Owner: admin
--

ALTER TABLE ONLY public.pre_cadastro
    ADD CONSTRAINT pre_cadastro_pkey PRIMARY KEY (id);


--
-- Name: produtos produtos_pkey; Type: CONSTRAINT; Schema: public; Owner: admin
--

ALTER TABLE ONLY public.produtos
    ADD CONSTRAINT produtos_pkey PRIMARY KEY (id);


--
-- Name: storage_item storage_item_pkey; Type: CONSTRAINT; Schema: public; Owner: admin
--

ALTER TABLE ONLY public.storage_item
    ADD CONSTRAINT storage_item_pkey PRIMARY KEY (id);


--
-- Name: usuarios ukexw5vja1pgfobcpqtldhnx6uv; Type: CONSTRAINT; Schema: public; Owner: admin
--

ALTER TABLE ONLY public.usuarios
    ADD CONSTRAINT ukexw5vja1pgfobcpqtldhnx6uv UNIQUE (nome);


--
-- Name: usuarios ukkfsp0s1tflm1cwlj8idhqsad0; Type: CONSTRAINT; Schema: public; Owner: admin
--

ALTER TABLE ONLY public.usuarios
    ADD CONSTRAINT ukkfsp0s1tflm1cwlj8idhqsad0 UNIQUE (email);


--
-- Name: produtos ukpk2k37y05kgqceufn556j55w3; Type: CONSTRAINT; Schema: public; Owner: admin
--

ALTER TABLE ONLY public.produtos
    ADD CONSTRAINT ukpk2k37y05kgqceufn556j55w3 UNIQUE (codigo);


--
-- Name: usuarios usuarios_pkey; Type: CONSTRAINT; Schema: public; Owner: admin
--

ALTER TABLE ONLY public.usuarios
    ADD CONSTRAINT usuarios_pkey PRIMARY KEY (id);


--
-- Name: produtos fk1lvr7qpm7b50qpquh4sftgarg; Type: FK CONSTRAINT; Schema: public; Owner: admin
--

ALTER TABLE ONLY public.produtos
    ADD CONSTRAINT fk1lvr7qpm7b50qpquh4sftgarg FOREIGN KEY (filial_id) REFERENCES public.filiais(id);


--
-- Name: itens_comanda fk1v5vv4d5equ2sfw6nycir2lr3; Type: FK CONSTRAINT; Schema: public; Owner: admin
--

ALTER TABLE ONLY public.itens_comanda
    ADD CONSTRAINT fk1v5vv4d5equ2sfw6nycir2lr3 FOREIGN KEY (produto_id) REFERENCES public.produtos(id);


--
-- Name: pre_cadastro fk4wjhbohqiwvmh8hjtajewxcrh; Type: FK CONSTRAINT; Schema: public; Owner: admin
--

ALTER TABLE ONLY public.pre_cadastro
    ADD CONSTRAINT fk4wjhbohqiwvmh8hjtajewxcrh FOREIGN KEY (evento_id) REFERENCES public.evento(id);


--
-- Name: pre_cadastro fk63fbfqhpm6fc6kbuq60gr0l4t; Type: FK CONSTRAINT; Schema: public; Owner: admin
--

ALTER TABLE ONLY public.pre_cadastro
    ADD CONSTRAINT fk63fbfqhpm6fc6kbuq60gr0l4t FOREIGN KEY (usuario_id) REFERENCES public.usuarios(id);


--
-- Name: comandas fk6d5lcsmn8wi7f75546mwrwpsq; Type: FK CONSTRAINT; Schema: public; Owner: admin
--

ALTER TABLE ONLY public.comandas
    ADD CONSTRAINT fk6d5lcsmn8wi7f75546mwrwpsq FOREIGN KEY (filial_id) REFERENCES public.filiais(id);


--
-- Name: evento fk6eywexu551u8k57hdmsllwx90; Type: FK CONSTRAINT; Schema: public; Owner: admin
--

ALTER TABLE ONLY public.evento
    ADD CONSTRAINT fk6eywexu551u8k57hdmsllwx90 FOREIGN KEY (filial_id) REFERENCES public.filiais(id);


--
-- Name: lancamentos_pontos fk8wjnr9fxwcw7ti9f3nox7jq8i; Type: FK CONSTRAINT; Schema: public; Owner: admin
--

ALTER TABLE ONLY public.lancamentos_pontos
    ADD CONSTRAINT fk8wjnr9fxwcw7ti9f3nox7jq8i FOREIGN KEY (filial_id) REFERENCES public.filiais(id);


--
-- Name: event fk9fwg2qwlg5uqpi6r9lxom38p8; Type: FK CONSTRAINT; Schema: public; Owner: admin
--

ALTER TABLE ONLY public.event
    ADD CONSTRAINT fk9fwg2qwlg5uqpi6r9lxom38p8 FOREIGN KEY (game_id) REFERENCES public.jogos(id);


--
-- Name: lancamentos_pontos fkcemcwldw02nemshj56s09sh47; Type: FK CONSTRAINT; Schema: public; Owner: admin
--

ALTER TABLE ONLY public.lancamentos_pontos
    ADD CONSTRAINT fkcemcwldw02nemshj56s09sh47 FOREIGN KEY (usuario_id) REFERENCES public.usuarios(id);


--
-- Name: movimentacoes_creditos fkeqnjkrt5yddxk8gra74ragd32; Type: FK CONSTRAINT; Schema: public; Owner: admin
--

ALTER TABLE ONLY public.movimentacoes_creditos
    ADD CONSTRAINT fkeqnjkrt5yddxk8gra74ragd32 FOREIGN KEY (usuario_id) REFERENCES public.usuarios(id);


--
-- Name: itens_comanda fkfdj2gq1y65gorfl3bjqx1f696; Type: FK CONSTRAINT; Schema: public; Owner: admin
--

ALTER TABLE ONLY public.itens_comanda
    ADD CONSTRAINT fkfdj2gq1y65gorfl3bjqx1f696 FOREIGN KEY (comanda_id) REFERENCES public.comandas(id);


--
-- Name: lancamentos_pontos fkhtk03hd7ounv1yaiaoq56nd09; Type: FK CONSTRAINT; Schema: public; Owner: admin
--

ALTER TABLE ONLY public.lancamentos_pontos
    ADD CONSTRAINT fkhtk03hd7ounv1yaiaoq56nd09 FOREIGN KEY (jogo_id) REFERENCES public.jogos(id);


--
-- Name: participantes fkii478ruuu6ftohkx9vvv03nkx; Type: FK CONSTRAINT; Schema: public; Owner: admin
--

ALTER TABLE ONLY public.participantes
    ADD CONSTRAINT fkii478ruuu6ftohkx9vvv03nkx FOREIGN KEY (evento_id) REFERENCES public.evento(id);


--
-- Name: comandas fkn1xwy1xmk8f47oqdv3bcruwed; Type: FK CONSTRAINT; Schema: public; Owner: admin
--

ALTER TABLE ONLY public.comandas
    ADD CONSTRAINT fkn1xwy1xmk8f47oqdv3bcruwed FOREIGN KEY (usuario_id) REFERENCES public.usuarios(id);


--
-- Name: participantes fkr0dkcran4oyr30jc27gr7mlkx; Type: FK CONSTRAINT; Schema: public; Owner: admin
--

ALTER TABLE ONLY public.participantes
    ADD CONSTRAINT fkr0dkcran4oyr30jc27gr7mlkx FOREIGN KEY (usuario_id) REFERENCES public.usuarios(id);


--
-- Name: evento fkrvsc9wbkmr97oc7xf43ojld3m; Type: FK CONSTRAINT; Schema: public; Owner: admin
--

ALTER TABLE ONLY public.evento
    ADD CONSTRAINT fkrvsc9wbkmr97oc7xf43ojld3m FOREIGN KEY (jogo_id) REFERENCES public.jogos(id);


--
-- PostgreSQL database dump complete
--

\unrestrict AO2FHwjD8vTjaR51A7mzNDcGy4YSBRTxcRGAFrbFPWp2j73Gl5bFEiiRKNFIZ9H

